{"cameraMode":{"drawMode":0,"name":"Shaded","section":"Shading Mode"},"sceneLighting":false,"audioPlay":false,"sceneViewState":{"showFog":true,"showMaterialUpdate":false,"showSkybox":false,"showFlares":true,"showImageEffects":true,"showParticleSystems":true},"in2DMode":false,"pivot":{"x":847.930419921875,"y":3.0978493690490724,"z":389.7631530761719},"rotation":{"x":0.0015834984369575978,"y":-0.8495794534683228,"z":-0.5274522304534912,"w":-0.0025695529766380789},"size":11.589203834533692,"orthographic":false}