{"cameraMode":{"drawMode":0,"name":"Shaded","section":"Shading Mode"},"sceneLighting":true,"audioPlay":false,"sceneViewState":{"showFog":true,"showMaterialUpdate":false,"showSkybox":true,"showFlares":true,"showImageEffects":true,"showParticleSystems":true},"in2DMode":false,"pivot":{"x":420.85760498046877,"y":14.183181762695313,"z":195.33599853515626},"rotation":{"x":0.0015834984369575978,"y":-0.8495794534683228,"z":-0.5274522304534912,"w":-0.0025695529766380789},"size":2.8578836917877199,"orthographic":false}