{"cameraMode":{"drawMode":0,"name":"Shaded","section":"Shading Mode"},"sceneLighting":true,"audioPlay":false,"sceneViewState":{"showFog":true,"showMaterialUpdate":false,"showSkybox":true,"showFlares":true,"showImageEffects":true,"showParticleSystems":true},"in2DMode":false,"pivot":{"x":450.2647705078125,"y":0.32004547119140627,"z":203.93096923828126},"rotation":{"x":0.04199415072798729,"y":0.6427278518676758,"z":-0.03531825914978981,"w":0.7641373872756958},"size":33.25697326660156,"orthographic":false}