{"cameraMode":{"drawMode":0,"name":"Shaded","section":"Shading Mode"},"sceneLighting":false,"audioPlay":false,"sceneViewState":{"showFog":true,"showMaterialUpdate":false,"showSkybox":false,"showFlares":true,"showImageEffects":true,"showParticleSystems":true},"in2DMode":false,"pivot":{"x":-0.8822230100631714,"y":-0.2411034107208252,"z":-5.91099739074707},"rotation":{"x":0.07366865873336792,"y":0.9126585125923157,"z":-0.18966443836688996,"w":0.35449233651161196},"size":5.867743492126465,"orthographic":false}