{"cameraMode":{"drawMode":0,"name":"Shaded","section":"Shading Mode"},"sceneLighting":false,"audioPlay":false,"sceneViewState":{"showFog":true,"showMaterialUpdate":false,"showSkybox":false,"showFlares":true,"showImageEffects":true,"showParticleSystems":true},"in2DMode":false,"pivot":{"x":-2.7081851959228517,"y":1.8755993843078614,"z":-4.131210803985596},"rotation":{"x":0.07366865873336792,"y":0.9126585125923157,"z":-0.18966443836688996,"w":0.35449233651161196},"size":23.738460540771486,"orthographic":false}