{"cameraMode":{"drawMode":0,"name":"Shaded","section":"Shading Mode"},"sceneLighting":true,"audioPlay":false,"sceneViewState":{"showFog":true,"showMaterialUpdate":false,"showSkybox":true,"showFlares":true,"showImageEffects":true,"showParticleSystems":true},"in2DMode":false,"pivot":{"x":686.588623046875,"y":157.71453857421876,"z":555.7257080078125},"rotation":{"x":0.32531583309173586,"y":0.26501229405403139,"z":-0.09549830108880997,"w":0.9026767611503601},"size":119.35631561279297,"orthographic":false}