{"cameraMode":{"drawMode":0,"name":"Shaded","section":"Shading Mode"},"sceneLighting":true,"audioPlay":false,"sceneViewState":{"showFog":true,"showMaterialUpdate":false,"showSkybox":true,"showFlares":true,"showImageEffects":true,"showParticleSystems":true},"in2DMode":false,"pivot":{"x":564.7955932617188,"y":590.531494140625,"z":8.3531494140625},"rotation":{"x":-0.15886077284812928,"y":0.08872310817241669,"z":0.014335298910737038,"w":0.9832018613815308},"size":928.714111328125,"orthographic":false}