{"cameraMode":{"drawMode":0,"name":"Shaded","section":"Shading Mode"},"sceneLighting":true,"audioPlay":false,"sceneViewState":{"showFog":true,"showMaterialUpdate":false,"showSkybox":true,"showFlares":true,"showImageEffects":true,"showParticleSystems":true},"in2DMode":false,"pivot":{"x":443.54595947265627,"y":0.5094506740570068,"z":190.462890625},"rotation":{"x":0.15188565850257874,"y":0.7879760265350342,"z":-0.21502724289894105,"w":0.5565947890281677},"size":41.002098083496097,"orthographic":false}