{"cameraMode":{"drawMode":0,"name":"Shaded","section":"Shading Mode"},"sceneLighting":true,"audioPlay":false,"sceneViewState":{"showFog":true,"showMaterialUpdate":false,"showSkybox":true,"showFlares":true,"showImageEffects":true,"showParticleSystems":true},"in2DMode":false,"pivot":{"x":423.682861328125,"y":11.249113082885743,"z":196.65818786621095},"rotation":{"x":-0.046660199761390689,"y":-0.698775053024292,"z":0.045756880193948749,"w":-0.712350070476532},"size":2.8578836917877199,"orthographic":false}