{"cameraMode":{"drawMode":0,"name":"Shaded","section":"Shading Mode"},"sceneLighting":true,"audioPlay":false,"sceneViewState":{"showFog":true,"showMaterialUpdate":false,"showSkybox":true,"showFlares":true,"showImageEffects":true,"showParticleSystems":true},"in2DMode":false,"pivot":{"x":947.6015014648438,"y":200.9135284423828,"z":505.4460754394531},"rotation":{"x":0.22250930964946748,"y":-0.7294147610664368,"z":0.277793824672699,"w":0.584190309047699},"size":41.002098083496097,"orthographic":false}