{"cameraMode":{"drawMode":0,"name":"Shaded","section":"Shading Mode"},"sceneLighting":true,"audioPlay":false,"sceneViewState":{"showFog":true,"showMaterialUpdate":false,"showSkybox":true,"showFlares":true,"showImageEffects":true,"showParticleSystems":true},"in2DMode":false,"pivot":{"x":512.4415283203125,"y":175.4744873046875,"z":-1267.8748779296875},"rotation":{"x":0.10079619288444519,"y":-0.05099385976791382,"z":-0.005182798486202955,"w":-0.993584156036377},"size":22.0,"orthographic":false}