{"cameraMode":{"drawMode":0,"name":"Shaded","section":"Shading Mode"},"sceneLighting":true,"audioPlay":false,"sceneViewState":{"showFog":true,"showMaterialUpdate":false,"showSkybox":true,"showFlares":true,"showImageEffects":true,"showParticleSystems":true},"in2DMode":false,"pivot":{"x":653.9051513671875,"y":-492.85882568359377,"z":-136.53756713867188},"rotation":{"x":-0.010185523889958859,"y":0.9026548266410828,"z":-0.4297139048576355,"w":-0.021395904943346978},"size":807.6990356445313,"orthographic":false}