{"cameraMode":{"drawMode":0,"name":"Shaded","section":"Shading Mode"},"sceneLighting":true,"audioPlay":false,"sceneViewState":{"showFog":true,"showMaterialUpdate":false,"showSkybox":true,"showFlares":true,"showImageEffects":true,"showParticleSystems":true},"in2DMode":false,"pivot":{"x":746.4125366210938,"y":75.19544982910156,"z":560.6028442382813},"rotation":{"x":0.179511159658432,"y":-0.687954843044281,"z":0.18174627423286439,"w":0.6793392896652222},"size":263.5462341308594,"orthographic":true}