{"cameraMode":{"drawMode":0,"name":"Shaded","section":"Shading Mode"},"sceneLighting":true,"audioPlay":false,"sceneViewState":{"showFog":true,"showMaterialUpdate":false,"showSkybox":true,"showFlares":true,"showImageEffects":true,"showParticleSystems":true},"in2DMode":false,"pivot":{"x":955.7269287109375,"y":-133.68321228027345,"z":905.3839111328125},"rotation":{"x":-0.2546103000640869,"y":-0.36863887310028078,"z":0.10572697967290878,"w":-0.8877385258674622},"size":1139.6270751953125,"orthographic":false}