{"cameraMode":{"drawMode":0,"name":"Shaded","section":"Shading Mode"},"sceneLighting":true,"audioPlay":false,"sceneViewState":{"showFog":true,"showMaterialUpdate":false,"showSkybox":true,"showFlares":true,"showImageEffects":true,"showParticleSystems":true},"in2DMode":false,"pivot":{"x":401.4844970703125,"y":2.499293088912964,"z":129.5026092529297},"rotation":{"x":-0.4193645715713501,"y":-0.3300767242908478,"z":0.16696378588676454,"w":-0.8290418982505798},"size":42.602447509765628,"orthographic":false}