{"cameraMode":{"drawMode":0,"name":"Shaded","section":"Shading Mode"},"sceneLighting":true,"audioPlay":false,"sceneViewState":{"showFog":true,"showMaterialUpdate":false,"showSkybox":true,"showFlares":true,"showImageEffects":true,"showParticleSystems":true},"in2DMode":false,"pivot":{"x":223.9724884033203,"y":183.30154418945313,"z":20.454513549804689},"rotation":{"x":-0.08863992989063263,"y":-0.03494437411427498,"z":0.0031143983360379936,"w":-0.9954538345336914},"size":678.0481567382813,"orthographic":false}