{"cameraMode":{"drawMode":0,"name":"Shaded","section":"Shading Mode"},"sceneLighting":true,"audioPlay":false,"sceneViewState":{"showFog":true,"showMaterialUpdate":false,"showSkybox":true,"showFlares":true,"showImageEffects":true,"showParticleSystems":true},"in2DMode":false,"pivot":{"x":818.9049072265625,"y":-71.36137390136719,"z":352.39007568359377},"rotation":{"x":-0.23625406622886659,"y":-0.19004829227924348,"z":0.047174662351608279,"w":-0.9517599940299988},"size":216.22508239746095,"orthographic":false}