{"cameraMode":{"drawMode":0,"name":"Shaded","section":"Shading Mode"},"sceneLighting":false,"audioPlay":false,"sceneViewState":{"showFog":true,"showMaterialUpdate":false,"showSkybox":false,"showFlares":true,"showImageEffects":true,"showParticleSystems":true},"in2DMode":false,"pivot":{"x":477.7269592285156,"y":2.103268623352051,"z":187.6779327392578},"rotation":{"x":0.17102693021297456,"y":-0.10208981484174729,"z":0.01781875640153885,"w":0.9798071980476379},"size":3.27072811126709,"orthographic":false}