{"cameraMode":{"drawMode":0,"name":"Shaded","section":"Shading Mode"},"sceneLighting":false,"audioPlay":false,"sceneViewState":{"showFog":true,"showMaterialUpdate":false,"showSkybox":false,"showFlares":true,"showImageEffects":true,"showParticleSystems":true},"in2DMode":false,"pivot":{"x":847.9305419921875,"y":3.0978493690490724,"z":389.76318359375},"rotation":{"x":0.10082511603832245,"y":0.15866386890411378,"z":-0.016290750354528428,"w":0.9820420145988464},"size":5.287592887878418,"orthographic":false}