{"cameraMode":{"drawMode":0,"name":"Shaded","section":"Shading Mode"},"sceneLighting":true,"audioPlay":false,"sceneViewState":{"showFog":true,"showMaterialUpdate":false,"showSkybox":true,"showFlares":true,"showImageEffects":true,"showParticleSystems":true},"in2DMode":false,"pivot":{"x":528.5792236328125,"y":369.32293701171877,"z":111.742919921875},"rotation":{"x":0.057097673416137698,"y":-0.07929094135761261,"z":0.004548973403871059,"w":0.9952054619789124},"size":848.3099975585938,"orthographic":false}